POSTI_ALUE,NIMI,KUNTA
100,Helsinki Keskusta - Etu-Töölö,91
120,Punavuori,91
130,Kaartinkaupunki,91
140,Kaivopuisto - Ullanlinna,91
150,Eira - Hernesaari,91
160,Katajanokka,91
170,Kruununhaka,91
180,Kamppi - Ruoholahti,91
190,Suomenlinna,91
200,Lauttasaari,91
210,Vattuniemi,91
220,Jätkäsaari,91
230,Ilmala,91
240,Länsi-Pasila,91
250,Taka-Töölö,91
260,Keski-Töölö,91
270,Pohjois-Meilahti,91
280,Ruskeasuo,91
290,Meilahden sairaala-alue,91
300,Pikku Huopalahti,91
310,Kivihaka,91
320,Etelä-Haaga,91
330,Munkkiniemi,91
340,Kuusisaari-Lehtisaari,91
350,Munkkivuori-Niemenmäki,91
360,Pajamäki,91
370,Reimarla,91
380,Pitäjänmäen teollisuusalue,91
390,Konala,91
400,Pohjois-Haaga,91
410,Malminkartano,91
420,Kannelmäki,91
430,Maununneva,91
440,Lassila,91
500,Sörnäinen,91
510,Etu-Vallila - Alppila,91
520,Itä-Pasila,91
530,Kallio,91
540,Kalasatama,91
550,Vallila,91
560,Toukola-Vanhakaupunki,91
570,Kulosaari,91
580,Verkkosaari,91
590,Kaitalahti,91
600,Koskela-Helsinki,91
610,Käpylä,91
620,Metsälä-Etelä-Oulunkylä,91
630,Maunula-Suursuo,91
640,Oulunkylä-Patola,91
650,Veräjämäki,91
660,Länsi-Pakila,91
670,Paloheinä,91
680,Itä-Pakila,91
690,Tuomarinkylä-Torpparinmäki,91
700,Malmi,91
710,Pihlajamäki,91
720,Pukinmäki-Savela,91
730,Tapanila,91
740,Siltamäki,91
750,Puistola,91
760,Suurmetsä,91
770,Jakomäki - Alppikylä,91
780,Tapaninvainio,91
790,Viikki,91
800,Länsi-Herttoniemi,91
810,Herttoniemi,91
820,Roihuvuori,91
830,Tammisalo,91
840,Laajasalo,91
,,
850,Jollas,91
,,
860,Santahamina,91
870,Etelä-Laajasalo,91
880,Roihupellon teollisuusalue,91
890,Itäsalmi,91
900,Puotinharju,91
910,Puotila,91
920,Myllypuro,91
930,Itäkeskus-Marjaniemi,91
940,Kontula - Vesala,91
950,Vartioharju,91
960,Pohjois-Vuosaari,91
970,Mellunmäki,91
,,
980,Etelä-Vuosaari,91
990,Aurinkolahti,91
,,
,,
,,
,,
1120,Västerskog,753
,,
1150,Söderkulla,753
,,
,,
,,
,,
1180,Kalkkiranta,638
1190,Box,753
1200,Hakunila,92
1230,Vaarala,92
1260,Itä-Hakkila,92
1280,Länsimäki,92
1300,Tikkurila,92
1340,Leinelä,92
1350,Hiekkaharju,92
1360,Koivukylä-Havukoski,92
1370,Jokiniemi,92
1380,Kuusikko-Hakkila,92
1390,Ruskeasanta-Ilola,92
1400,Rekola,92
1420,Päiväkumpu,92
1450,Korso,92
1480,Mikkola,92
1490,Nikinmäki,753
1510,Kirkonkylä-Veromäki,92
1520,Tammisto,92
1530,Veromiehenkylä,92
1600,Myyrmäki,92
1610,Kaivoksela,92
1620,Martinlaakso,92
1630,Hämeenkylä,92
1640,Hämevaara,92
1650,Vapaala,92
1660,Varisto,92
1670,Vantaanlaakso,92
1680,Askisto,92
1690,Ylästö,92
1700,Kivistö,92
1710,Pähkinärinne,92
1720,Petikko,92
1730,Vantaanpuisto,92
1740,Tuupakan teollisuusalue,92
1750,Keimola,92
1760,Seutula,92
1770,Martinlaakson teollisuusalue,92
1800,Klaukkala Keskus,543
1810,Luhtajoki,543
1820,Haikala,543
1830,Lepsämä,543
1840,Klaukkala,543
1860,Perttula,543
1900,Nurmijärvi Keskus,543
1940,Palojoki,543
2100,Tapiola,49
2110,Otsolahti,49
2120,Länsikorkee-Suvikumpu,49
2130,Pohjois-Tapiola,49
2140,Laajalahti,49
2150,Otaniemi,49
2160,Westend,49
2170,Haukilahti,49
2180,Mankkaa,49
2200,Niittykumpu,49
2210,Olari,49
,,
2230,Matinkylä,49
2240,Friisilä,49
2260,Kaitaa,49
2270,Finnoo-Eestinmalmi,49
2280,Malminmäki-Eestinlaakso,49
2290,Puolarmetsän sairaala,49
2300,Nöykkiönpuro,49
2320,Espoonlahti,49
2330,Saunalahti-Kattilalaakso,49
2340,Latokaski,49
2360,Soukka,49
,,
,,
,,
2380,Suvisaaristo,49
2400,Kirkkonummi Keskus,257
2410,Gesterby,257
,,
,,
2420,Jorvas,257
2430,Masala,257
2440,Luoma,257
2450,Sundsberg,257
2460,Kantvik,257
2470,Upinniemi,257
,,
,,
,,
,,
,,
,,
,,
,,
2480,Porkkala,257
2490,Pikkala,755
2510,Oitmäki,257
2520,Lapinkylä,257
2540,Kylmälä,257
2550,Evitskog,257
2570,Siuntio Kirkonkylä,755
,,
2580,Siuntio Asemanseutu,755
2590,Lappers,755
2600,Etelä-Leppävaara,49
2610,Kilo,49
2620,Karakallio,49
2630,Nihtisilta,49
2650,Pohjois-Leppävaara,49
2660,Lintuvaara,49
2680,Uusmäki,49
2700,Kauniainen,235
2710,Viherlaakso,49
2720,Lähderanta,49
2730,Jupperi,49
2740,Bemböle-Pakankylä,49
2750,Sepänkylä-Kuurinniitty,49
2760,Tuomarila-Suvela,49
2770,Espoon Keskus,49
2780,Kauklahti,49
2810,Gumböle-Karhusuo,49
2820,Nupuri-Nuuksio,49
2860,Siikajärvi,49
2880,Veikkola,257
2920,Niipperi,49
2940,Lippajärvi-Järvenperä,49
2970,Kalajärvi,49
2980,Lakisto,49
3100,Nummela,927
3150,Huhmari,927
3220,Tervalampi,927
3250,Ojakkala,927
3300,Otalampi,927
3320,Selki,927
3400,Vihti Kirkonkylä,927
3430,Jokikunta,927
3600,Karkkila Keskus,224
3620,Polari,224
3710,Uusitalo,224
3790,Vihtijärvi,927
3810,Ikkala,444
3850,Pusula,444
3870,Hyönölä,444
4130,Sipoo,753
4150,Martinkylä,753
4170,Paippinen,753
4200,Kerava Keskus,245
4220,Ahjo-Kaskela,245
4230,Pihkaniitty,245
4240,Talma,753
4250,Alikerava,245
4260,Savio,245
4300,Hyrylä,858
4310,Tuusula Keskus,858
4320,Riihikallio,858
4330,Lahela,858
4340,Mattila,858
4350,Nahkela,858
4360,Ruotsinkylä-Kiilinmäki,858
4370,Rusutjärvi,858
4380,Tuomala,858
4390,Jäniksenlinna,858
4400,Loutti,186
4410,Järvenpää Keskus,186
4420,Kyrölä,186
4430,Kinnari-Mikonkorpi,186
4440,Jamppa,186
4460,Nummenkylä,858
4480,Haarajoki,505
4500,Kellokoski,858
4530,Ohkola,505
4600,Mäntsälä Keskus,505
4620,Kaunismäki,505
4630,Sääksjärvi,505
4660,Numminen,505
4680,Hirvihaara,505
4740,Sälinkää,505
4770,Sahakylä,505
4820,Kaukalampi,505
4840,Hautjärvi,505
4920,Saarentaus,505
4940,Levanto,505
5100,Röykkä,543
5200,Rajamäki,543
5250,Kiljava,543
5400,Jokela,858
5430,Nuppulinna,858
5440,Hyvinkää,106
5450,Nukari,543
5460,Hakalanmäki-Hakala,106
5470,Palopuro,106
5510,Päivärinta,106
5620,Noppo,106
5720,Kytäjä,106
5800,Hyvinkää Keskus,106
5810,Martti,106
5820,Mustamännistö,106
5830,Kirjavatolppa-Kruununpuisto,106
5840,Hyvinkäänkylä-Vehkoja,106
5850,Hyvinkää, sairaala-alue,106
5860,Talvisilta,106
5880,Paavola-Vaivero,106
5900,Vieremä,106
5950,Ridasjärvi,106
6100,Porvoo Keskus,638
6150,Kevätkumpu,638
,,
,,
,,
,,
,,
6200,Porvoo itäinen,638
6400,Gammelbacka,638
6450,Eestinmäki-Ernestas,638
6500,Saksala-Suomenkylä,638
6530,Kerkkoo,638
6650,Hamari,638
6750,Tolkkinen,638
6830,Kulloonkylä,638
6850,Kulloo,638
,,
,,
6880,Kärrby,753
,,
,,
6950,Emäsalo,638
7110,Hinthaara,638
7130,Anttila,638
7150,Laukkoski,611
7170,Keski-Pornainen,611
7190,Halkia,611
7220,Kaarenkylä,638
7230,Monninkylä,18
7280,Ilola,638
7310,Sannainen,638
7320,Jakari-Sannäs,638
7350,Gäddrag,638
7360,Tirmo,638
,,
,,
,,
,,
,,
7370,Pellinki,638
,,
7390,Suurpellinki,638
7410,Kråkö,638
7450,Voolahti,638
7500,Askola Kirkonkylä,18
7510,Vakkola,18
7530,Onkimaa,18
7550,Torpinkylä,616
7560,Pukkila Keskus,616
7565,Kantele,616
7580,Tiilää,18
7590,Huuvari-Tiilää,18
7600,Myrskylä Keskus,504
7680,Juornaankylä,18
7690,Kankkila,504
7700,Koskenkylän saha-alue,434
7720,Malmgård,434
,,
7740,Gammelby,434
,,
,,
,,
,,
,,
7750,Isnäs,434
,,
,,
7780,Härkäpää,434
7800,Lapinjärvi Keskus,407
7810,Ingermaninkylä,407
7820,Porlammi,407
7830,Pukaro,407
7840,Lindkoski,407
7850,Heikinkylä,407
7870,Skinnarby,434
7880,Liljendal Keskus,434
7890,Mickelspiltom,434
,,
,,
,,
,,
,,
,,
,,
,,
7900,Loviisa Keskus,434
,,
,,
7910,Valko,434
7920,Etelä-Harju,434
,,
7930,Pernaja Kirkonkylä,434
7940,Määrlahti,434
7945,Kuggom,434
7955,Tesjoki,434
7960,Ahvenkoski,434
7970,Ruotsinpyhtää Keskus,434
7980,Kuninkaankylä,434
7990,Ruotsinkylä-Koskisto,434
8100,Lohja Keskus,444
8150,Keskilohja,444
8200,Ojamo,444
8350,Routio,444
8360,Kisakallio,444
8450,Hormajärvi,444
8480,Karstu,444
8500,Ventelä-Millola,444
8680,Muijala,444
8700,Virkkala,444
8800,Kirkniemi,444
9120,Karjalohja,444
9220,Sammatti,444
9430,Saukkola,444
9520,Millola,444
9630,Koisjärvi,444
9810,Nummi-Oinola,444
9930,Leppäkorpi,444
10120,Tähtelä,149
10140,Päivölä,149
,,
,,
10160,Degerby,149
,,
,,
,,
,,
,,
10210,Inkoo Keskus,149
10230,Inkoo Asemanseutu,149
,,
10250,Fagervik,149
,,
,,
,,
,,
,,
,,
,,
,,
,,
,,
10270,Barösund,149
10300,Karjaa Keskus,710
10320,Bäljars,710
10330,Pinjainen,710
10350,Meltolan sairaala-alue,710
10360,Mustio,710
10380,Kaunislahti,710
10410,Åminnefors,710
10420,Pohjankuru,710
10440,Bollsta,710
10470,Fiskari,710
10480,Antskog,710
,,
,,
,,
10520,Tenhola Kirkonkylä,710
,,
,,
,,
,,
,,
,,
,,
,,
10570,Bromarv,710
,,
,,
,,
,,
,,
,,
,,
,,
,,
,,
,,
,,
,,
,,
,,
,,
,,
,,
,,
,,
,,
,,
,,
,,
,,
,,
,,
10600,Tammisaari Keskus,710
10620,Tammisaari,710
10640,Dragsvik,710
10650,Flyet,710
10660,Trollböle,710
10680,Skogby,710
,,
,,
10710,Snappertuna,710
,,
,,
10820,Lappohja,78
,,
,,
,,
,,
,,
10900,Hanko Keskus,78
10940,Hangonkylä,78
10960,Hanko Pohjoinen,78
11100,Riihimäki Keskus,694
11120,Pohjois-Riihimäki,694
11130,Peltosaari-Patastenmäki,694
11310,Taka-Kasarmi,694
11710,Herajoki,694
11910,Lasi-Kumela,165
12100,Oitti,86
12130,Mommila,86
12170,Hietoinen,86
12210,Hausjärvi kk,86
12240,Hikiä,86
12310,Ryttylä,86
12350,Turkhauta,86
12380,Leppäkoski,165
12400,Tervakoski,165
12450,Vähikkälä,165
12520,Kormu,433
12540,Launonen,433
12600,Läyliäinen,433
12630,Sajaniemi,433
12640,Joentaka,433
12700,Loppi kk,433
12750,Pilpala,433
12820,Räyskälä,433
12920,Topeno,433
12950,Vojakkala-Eerolankulma,433
13100,Hämeenlinna Keskus,109
13110,Kantola,109
13130,Kauriala,109
13200,Keinusaari,109
13210,Hätilä,109
13220,Sairio,109
13250,Katuma,109
13270,Ruununmylly,109
13300,Käikälä,109
13330,Harviala,165
13430,Hattelmala,109
13500,Jukola,82
13530,Hämeenlinna sairaala-alue,109
13600,Ojoinen,109
13700,Parolannummi,82
13720,Parola,82
13800,Katinala,82
13880,Rahkoila,82
13900,Pekola,82
14140,Jokimaa,165
14200,Turenki,165
14240,Väli-Janakkala,165
14300,Renko kk,109
14330,Kaloinen,109
14370,Lukana,109
14430,Vuohiniemi,82
14450,Rimmilä,109
14500,Iittala,109
14530,Leteensuo,82
14610,Lepaa,82
14620,Tyrväntö,82
14680,Alvettula,109
14690,Torvoila,109
14700,Hauho kk,109
14770,Eteläinen,109
14810,Pohjoinen,109
14820,Syrjäntaka,109
14840,Sairiala,109
14870,Juttila,109
14930,Sappee,109
14960,Puutikkala,635
14980,Kuohijoki,635
15100,Lahti Asemanseutu,398
15110,Keski-Lahti,398
15140,Kartano-Paavola,398
15150,Möysä,398
15160,Kolava,398
15170,Tenava-Tonttila,398
15200,Kiveriö,398
15210,Kivistönmäki,398
15230,Kytölä,398
15240,Mukkula,398
15270,Kukkila,98
15300,Myllypohja-Koiskala,398
15320,Ahtiala,398
15340,Kunnas-Hiekkanummi,398
15460,Mäkelä,398
15500,Liipola,398
15520,Saksala,398
15540,Villähde,398
15550,Rakokivi,398
15560,Nastola kk,398
15580,Ruuhijärvi,398
15610,Laune-Nikkilä,398
15680,Renkomäki-Ämmälä,398
15700,Hennala-Jokimaa,98
15800,Kärpänen,398
15810,Kasakkamäki,398
15820,Okeroinen,98
15830,Metsäkangas,398
15840,Riihelä,398
15850,Likolampi,398
15860,Kartano,98
15870,Salpakangas,98
15880,Soramäki,98
15900,Jalkaranta,398
15950,Kiikkula,398
15980,Messilä,98
16100,Uusikylä,398
16160,Okkeri,398
16200,Artjärvi Keskus,560
16230,Artjärvi Kirkonkylä,560
16260,Hietana,560
16270,Villikkala,560
16280,Kuivanto,560
16300,Orimattila Keskus,560
16310,Virenoja,560
16320,Pennala,560
16330,Heinämaa,560
16350,Niinikoski,560
16390,Pakaa,560
16450,Mallusjoki,560
16500,Herrala,98
16510,Luhtikylä,560
16540,Mertie,316
16600,Järvelä,316
16610,Kärkölä kk,316
16630,Tennilä,98
16670,Lappila,316
16710,Hollola kk,98
16730,Kutajärvi,98
16790,Manskivi,98
16800,Hämeenkoski,98
16900,Lammi kk,109
16960,Iso-Evo,109
16970,Evo,109
16980,Ronni,109
17110,Sipilä,98
17120,Paimela,98
17130,Vesivehmaa,16
17150,Urajärvi,16
17200,Vääksy Keskus,16
17220,Pietilä,16
17240,Kalkkinen,16
17320,Asikkala,16
17410,Viitaila,16
17430,Kurhila,16
17440,Vähimaa,16
17450,Iso-Äiniö-Vähimaa,16
17470,Maakeski,576
17500,Padasjoki Keskus,576
17510,Nyystölä,576
17530,Arrakoski,576
17610,Auttoinen,576
17630,Vesijako,576
17710,Torittu,576
17740,Kasiniemi-Torittu,576
17780,Harmoinen,291
17800,Kuhmoinen Keskus,291
17840,Harjunsalmi,291
17850,Pihlajakoski,291
17870,Ruolahti,291
17930,Päijälä,291
17950,Kylämä,291
17970,Puukkoinen,291
18100,Heinola Keskus,111
18120,Reumasairaala-alue,111
18130,Tommola-Sahanniemi,111
18150,Jyränkö,111
18200,Kaakonlampi-Pyhätön,111
18300,Heinola kk,111
18600,Myllyoja,111
19110,Vierumäki taajama,111
19120,Vierumäki urheiluopisto,111
19160,Huutotöyry,142
19210,Lusi,111
19230,Onkiniemi,781
19250,Syrjäkoski,111
19260,Paaso-Syrjäkoski,111
19310,Karilanmaa,781
19320,Nikkaroinen,781
19370,Nuoramoinen,781
19410,Kuortti,588
19420,Mansikkamäki,588
19430,Pertunmaa Keskus,588
19460,Ruorasmäki,588
19470,Lihavanpää-Hartosenpää,588
19480,Hartosenpää,588
19510,Lepsala,81
19540,Koitti-Lepsala,81
19600,Hartola Keskus,81
19610,Murakka,81
19620,Pohela,81
19630,Kalhonkylä,81
19650,Joutsa Keskus,172
19670,Mieskonmäki,172
19700,Sysmä Keskus,781
19730,Särkilampi,781
19740,Liikola,781
19770,Valittula,781
19850,Putkijärvi-Siltasuo,81
19910,Tammijärvi,435
19920,Pappinen,172
19950,Luhanka,435
,,
20100,Turku Keskus,853
20200,Iso-Heikkilä,853
20210,Pahaniemi,853
20240,Pansio-Perno,853
20250,Pitkämäki-Muhkuri,853
20300,Pohjola-Kastu,853
20320,Kuninkoja-Mälikkälä,853
20360,Kärsämäki-Urusvuori-Halinen,853
20380,Räntämäki-Saramäki,853
20400,Moisio,853
20460,Jäkärlä,853
20500,Vesilinna,853
20520,Kupittaa,853
20540,Nummi-Ylioppilaskylä,853
20610,Varissuo,853
20660,Littoinen,202
20700,Vartiovuori-Samppalinna,853
20720,Vasaramäki,853
20730,Skanssi,853
20740,Ilpoinen-Harittu,853
20750,Huhkola-Lauste-Vaala,853
20760,Piispanristi,202
20780,Kaarina Keskus,202
20800,Ammattikorkeakoulu,853
20810,Martti-Korppolaismäki,853
20880,Uittamo,853
,,
20900,Moikoinen-Pikisaari,853
,,
,,
20960,Kakskerta,853
,,
,,
21100,Naantali Keskus,529
21110,Taimo-Nuhjala-Lietsala,529
21120,Viherjäinen,680
,,
21130,Poikko,529
,,
,,
,,
21140,Rymättylä Keskus,529
,,
,,
,,
,,
,,
,,
,,
,,
,,
,,
21150,Röölä,529
,,
,,
,,
,,
21160,Merimasku,529
,,
21180,Livonsaari,529
,,
,,
,,
,,
,,
21195,Velkua,529
21200,Raisio Keskus,680
21210,Hakinmäki,680
21220,Somersoja,680
21230,Lemu,481
,,
21240,Askainen Keskus,481
,,
21250,Masku,481
21260,Ihala,680
21270,Nousiainen,538
21280,Kuloinen,680
21290,Rusko,704
21310,Vahto,704
21330,Paattinen,853
21340,Tortinmäki,853
21350,Ilmarinen,423
21360,Lieto Asemanseutu,423
21370,Aura kk.,19
21380,Aura Keskus,19
21410,Vanhalinna,423
21420,Lieto Keskus,423
21430,Yliskulma,423
21450,Tarvasjoki Keskus,423
21480,Prunkila,480
21490,Marttila,480
,,
21500,Piikkiö,202
21510,Hevonpää,577
21520,Naskarla,577
21530,Paimio Keskus,577
21540,Preitilä,577
21555,Taatila,577
21560,Ollila,480
,,
21570,Sauvo Keskus,738
,,
,,
,,
21590,Karuna,738
,,
,,
,,
,,
,,
,,
,,
,,
,,
,,
,,
,,
,,
,,
,,
21600,Parainen Keskus,445
,,
21610,Kirjala,445
,,
21620,Kuusisto,202
,,
,,
,,
21630,Lielahti,445
,,
,,
,,
,,
,,
,,
,,
,,
,,
,,
,,
,,
,,
21650,Lillandet,445
,,
,,
,,
,,
,,
,,
,,
,,
,,
,,
,,
,,
21660,Nauvo Keskus,445
,,
,,
,,
,,
21670,Mattnäs-Nötö,445
,,
,,
,,
21680,Nötö,445
,,
,,
,,
,,
,,
,,
,,
,,
,,
,,
,,
,,
,,
21710,Korppoo Keskus-Utö,445
21720,Korpoström,445
21740,Utö,445
,,
,,
,,
,,
,,
,,
,,
21750,Norrskata,445
,,
,,
,,
,,
,,
,,
,,
,,
,,
,,
,,
,,
,,
,,
,,
,,
,,
,,
21760,Houtskär Keskus,445
,,
,,
,,
21770,Mossala,445
21800,Kyrö,636
21820,Kumila,636
21840,Karinainen,636
21860,Auvainen,636
21870,Riihikoski,636
21880,Pöytyä,636
21890,Haveri,636
21900,Yläne Keskus,636
21930,Uusikartano,636
,,
22100,Maarianhamina,478
22120,Möckelö,170
,,
22130,Gottby,170
22140,Önningby,170
22150,Jomala Centrum,170
,,
,,
,,
22160,Järsö,417
,,
22220,Emkarby,60
,,
,,
,,
,,
,,
22240,Hammarland,76
,,
,,
,,
,,
,,
22270,Storby,43
,,
22310,Pålsböle,60
,,
,,
22320,Ödkarby,736
,,
22330,Tjudö,60
,,
,,
,,
,,
,,
,,
,,
22340,Geta,65
22410,Godby,60
,,
,,
,,
,,
,,
22430,Saltvik,736
,,
22520,Tosarby,771
,,
,,
22530,Sund,771
,,
,,
,,
,,
,,
,,
,,
,,
,,
,,
,,
,,
,,
22550,Vårdö,941
,,
,,
,,
,,
,,
22610,Lemland,417
,,
,,
,,
22630,Lumparland,438
,,
,,
,,
,,
,,
,,
,,
,,
,,
,,
,,
,,
,,
,,
22710,Ålands Degerby,62
,,
,,
22720,Sottunga,766
,,
,,
,,
,,
,,
,,
22730,Kökar,318
,,
22810,Seglinge,295
,,
,,
,,
,,
,,
22820,Kumlinge,295
,,
22830,Enklinge,295
,,
,,
,,
22840,Lappo,35
,,
22910,Torsholma,35
,,
,,
,,
,,
22920,Brändö-Åland,35
,,
,,
22930,Fiskö,35
,,
22940,Åva,35
,,
22950,Jurmo,35
23100,Mynämäki Keskus,503
23120,Mietoinen Keskus,503
23140,Hietamäki,503
23200,Vinkkilä,918
23210,Vehmaa,918
23260,Rautila,918
,,
,,
,,
,,
,,
,,
,,
,,
23310,Taivassalo,833
,,
,,
,,
,,
,,
,,
,,
,,
,,
,,
,,
,,
,,
,,
,,
,,
,,
23360,Kustavi,304
,,
,,
,,
,,
,,
,,
,,
,,
,,
,,
,,
,,
,,
,,
23390,Iniö,445
,,
,,
,,
,,
,,
,,
23450,Lokalahti,895
,,
,,
,,
,,
,,
,,
,,
,,
,,
,,
23500,Uusikaupunki Keskus,895
23600,Kalanti Keskus,895
23660,Kalanti Asemanseutu,895
23800,Laitila Keskus,400
23840,Soukainen,400
23880,Suontaka,400
,,
,,
,,
,,
,,
,,
23930,Pyhämaa,895
23950,Pyhäranta,631
23960,Santtio,631
24100,Salo Keskus,734
24130,Ylhäisi,734
24240,Rappula,734
24260,Ollikkala,734
24280,Tupuri-Hähkänä,734
24800,Halikko Keskus,734
24910,Halikko Asemanseutu,734
25110,Kruusila,734
25130,Muurla,734
25160,Tuohittu,734
25170,Kotalato,734
25180,Romsila,734
25190,Inkere,734
25210,Vartsala,734
,,
25230,Angelniemi,734
25240,Hajala,734
25250,Märynummi,734
25260,Vaskio,734
25320,Raatala,734
25330,Kuusjoki Keskus,734
25340,Kanunki,734
25360,Pertteli Keskus,734
25370,Hiisi,734
25380,Rekijoki,734
25390,Kiikala Keskus,734
25410,Suomusjärvi Keskus,734
25420,Lahnajärvi,734
25430,Kettula,734
25460,Toija,734
25470,Kisko kk,734
,,
25500,Perniö Keskus,734
25520,Perniö Asemanseutu,734
25540,Knaapila,734
25550,Aijala,734
25560,Koski Asemanseutu,734
25570,Teijo-Mathildedal,734
25610,Ylönkylä,734
,,
25630,Finby,734
,,
,,
,,
25640,Förby,734
25650,Strömma,322
25660,Mathildedal,734
,,
,,
,,
25700,Kemiö Keskus,322
25710,Vreta-Vestlax,322
,,
25730,Mjösund,322
,,
25760,Kiila,322
25810,Mark,322
25820,Vestlax,322
,,
,,
,,
,,
25830,Västanfjärd Keskus,322
25840,Nivelax,322
25860,Björkboda,322
,,
,,
,,
25870,Dragsfjärd,322
,,
,,
,,
,,
,,
,,
,,
,,
,,
,,
,,
,,
,,
,,
25900,Taalintehdas,322
25910,Vänoxa,322
,,
,,
25930,Kasnäs,322
,,
,,
,,
,,
25940,Hiittinen,322
,,
,,
,,
,,
,,
,,
25950,Rosala-Kasnäs-Hitis,322
,,
,,
,,
25960,Högsåra,322
,,
,,
26100,Rauma Keskus,684
,,
26200,Merirauma-Kappelinluhta,684
,,
,,
26410,Kaaro,684
26510,Uotila,684
26560,Kolla,684
26660,Paroalho,684
26720,Monnanummi,684
26740,Vasarainen,684
26820,Sampaanala,684
26840,Kortela,684
26910,Unaja,684
26930,Vermuntila,684
,,
26950,Voiluoto,684
27100,Eurajoki Keskus,51
27110,Irjanne,51
27130,Eurajoki asemanseutu,51
,,
27150,Lapijoki,51
27160,Olkiluoto,51
,,
27170,Kuivalahti,51
27220,Ala-Kieri,684
27230,Lappi,684
27250,Kodiksami,684
27260,Kuolimaa,684
27310,Kodisjoki,684
27320,Ihode,631
,,
,,
27340,Reila,631
27400,Kiukainen Keskus,50
27420,Panelia Asemanseutu,50
27430,Panelia,50
27450,Harola,50
27500,Kauttua,50
27510,Eura Keskus,50
27600,Hinnerjoki,50
27640,Honkilahti kk,50
27650,Honkilahti,50
27670,Mannila,50
27710,Köyliö Keskus,783
27730,Tuiskula,783
27740,Voitoinen,783
27750,Yttilä,783
27800,Säkylä Keskus,783
27820,Iso-Vimma,783
27840,Kakkuri,783
27860,Vuori,783
27910,Huovinrinne,783
27920,Otajoki,783
28100,Pori Keskus,609
28120,Käppärä-Isomäki,609
28130,Impola,609
,,
28190,Pormestarinluoto,609
28200,Toejoki,609
28220,Ruosniemi,609
28240,Isojoenranta,609
28260,Harjunpää,886
28300,Kalaholma-Väinölä,609
28330,Koivistonluoto,609
28360,Vanhakoivisto,609
28370,Sampola,609
28400,Ulvila Keskus,886
28430,Kartano-Harmaalinna,609
28450,Vanha-Ulvila,886
28500,Keskussairaala-alue-Tiilimäki,609
28540,Pinomäki,609
28560,Lattomeri,609
28580,Niittymaa,609
28600,Vähärauma,609
28610,Musa-Tiiliruukki,609
,,
28660,Pietniemi-Leppäkorpi,609
28760,Kyläsaari,609
28800,Pihlava,609
28840,Yyteri-Kaanaa,609
28880,Mäntyluoto,609
,,
,,
,,
,,
,,
28900,Tahkoluoto-Reposaari,609
,,
,,
,,
,,
,,
,,
29100,Luvia Keskus,51
29180,Peränkylä,51
29200,Harjavalta Keskus,79
29250,Nakkila Keskus,531
29270,Hormisto,531
29280,Järvimaa,531
29310,Kaasmarkku,886
29320,Leineperi,886
29340,Kullaa Keskus,886
29350,Palus,886
29570,Söörmarkku,609
29600,Noormarkku Keskus,609
29630,Pomarkku Keskus,608
29640,Honkakoski,608
29680,Kairila,609
,,
,,
29700,Ahlainen,609
29720,Lamppi,609
29740,Etelämaa,484
29750,Pohjansaha,484
,,
29760,Köörtilä,484
29790,Tuorila,484
29810,Siikainen Keskus,747
29830,Sammi,747
29860,Otamo,747
29880,Leväsjoki-Saarineva,747
,,
,,
,,
,,
,,
29900,Merikarvia Keskus-Rannikko,484
29940,Kuvaskangas,484
30100,Forssa Keskus,834
30300,Viksberg,61
30420,Tölö,61
31110,Matku,61
31130,Koijärvi,61
31140,Menonen,887
31160,Nuutajärvi,887
31170,Savijoki,61
31230,Susikas,834
31250,Teuro,834
31300,Tammela Keskus,834
31310,Mustiala,834
31340,Porras,834
31350,Vistinkoski,834
31370,Eerikkilän Urheiluopisto,834
31380,Letku-Torro,834
31400,Somero Keskus,761
31410,Ylöpirtti,761
31450,Häntälä,761
31460,Hirsjärvi,761
31470,Somerniemi,761
31490,Terttilä,761
31500,Koski Tl,284
31520,Pitkäjärvi,761
31530,Pyöli,761
31600,Jokioinen Keskus,169
31610,Vaulammi,169
31620,Latovainio,169
31630,Minkiö,169
31640,Humppila Keskus,103
31650,Venäjänkangas,103
31700,Urjala Asemanseutu-Hanhisuo,887
31720,Urjalankylä-Kehro,887
31730,Honkola,887
31750,Kehro,887
31760,Urjala Keskus,887
31810,Oriniemi,619
31830,Halkivaha,887
31850,Koskioinen,619
31860,Tursa,887
31900,Punkalaidun Keskus,619
31930,Vanttila,619
31950,Sadonmaa,619
31960,Orisuo,430
31970,Kanteenmaa,619
32100,Ypäjä Keskus,981
32140,Ypäjä Asemanseutu,981
32200,Loimaa Keskus,430
32210,Loimaa kk,430
32250,Kojonkulma,430
32260,Kojonperä,430
32270,Metsämaa-Murto,430
32280,Metsäkorpi,430
32300,Mellilä,430
32410,Niinijoki,430
32430,Ylhäinen,430
32440,Alastaro Keskus,430
32450,Tammiainen,430
32500,Oripää Keskus,561
32520,Latva,561
32560,Virttaa,430
32610,Vampula Keskus,102
32620,Rutava,102
32700,Huittinen Keskus,102
32710,Sampu,102
32730,Keikyä,790
32740,Äetsä Keskus,790
32760,Suttila,102
32770,Huhtamo,102
32800,Kokemäki Keskus,271
32810,Peipohja,271
32830,Riste,271
32860,Korkeaoja,271
32910,Kauvatsa Asemanseutu,271
32920,Kauvatsa,271
33100,Tampere Keskus,837
33180,Lapinniemi-Käpylä,837
33200,Tampere Keskus Läntinen,837
33210,Itä-Amuri-Tammerkoski,837
33230,Länsi-Amuri,837
33240,Tahmela,837
33250,Pispala,837
33270,Epilä,837
33300,Rahola,837
33310,Tesoma,837
33330,Myllypuro-Kalkku,837
33340,Haukiluoma-Ikuri,837
33380,Pitkäniemi,536
33400,Luoteis-Tampere,837
33410,Lentävänniemi,837
33420,Lamminpää,837
33430,Vuorentausta,980
33450,Siivikkala,980
33470,Ylöjärvi Keskus,980
33480,Manninmäki-Haavisto,980
33500,Osmonmäki-Petsamo,837
33520,Keskussairaala-alue-Kauppi,837
33530,Kissanmaa,837
33540,Kaleva,837
33560,Takahuhti,837
33580,Atala-Linnainmaa,837
33610,Olkahinen-Tasanne,837
33680,Aitolahti,837
33700,Messukylä,837
33710,Kaukajärvi,837
33720,Hervanta,837
33730,Leinola-Vehmainen,837
33800,Nekala,837
33820,Koivistonkylä,837
33840,Peltolammi,837
33850,Multisilta,604
33870,Vuores,418
33880,Höytämö,418
33900,Härmälä-Rantaperkiö,837
33920,Toivio,604
33950,Killo,604
33960,Suuppa,604
33980,Pirkkala kk,604
34110,Lakiala,980
34130,Ylinen,980
34140,Mutala,980
34150,Kyrönlahti,980
34180,Länsi-Teisko,980
34240,Kämmenteisko,837
34260,Terälahti,837
34270,Velaatta,837
34300,Kuru Keskus,980
34320,Parkkuu,980
34330,Poikelus,980
34410,Murole,702
34420,Muroleen Kanava,702
34430,Kekkonen,702
34450,Jäminkipohja,702
34510,Luode,980
34530,Länsi-Aure,980
34550,Itä-Aure,980
34600,Ruovesi Keskus-Nenonen,702
34640,Mustajärvi,702
34710,Vaskivesi,936
34730,Vaskuu,936
34740,Koro,936
34770,Kurjenkylä,936
34800,Virrat Keskus,936
34870,Visuvesi,702
34910,Äijänneva,936
34930,Liedenpohja,936
34950,Ohtola,936
34970,Toisvesi,936
34980,Killinkoski,936
35100,Orivesi Asemanseutu,562
35220,Eräjärvi,562
35240,Ristakallio,562
35260,Leväslahti,562
35270,Västilä,562
35300,Orivesi Keskus,562
35320,Hirsilä,562
35400,Länkipohja,182
35420,Talviainen,562
35480,Längelmäki,562
35500,Korkeakoski,177
35520,Pirttikangas,177
35530,Lyly,177
35540,Juupajoki,177
35550,Salokunta,177
35600,Halli,182
35610,Pihlaisto,182
35630,Suinula-Valkamanperä,182
35700,Vilppula Keskus,508
35740,Ylä-Vääri,702
35750,Väärinmaja,702
35800,Mänttä,508
35820,Asemakulma-Mustalahti,182
35990,Kolho,508
36100,Kangasala Asemanseutu,211
36110,Ruutana,211
36120,Suinula-Haviseva,211
36200,Kangasala Keskus,211
36220,Suorama,211
36240,Nattari,211
36270,Huutijärvi,211
36280,Pikonlinna,211
36340,Tohkala,211
36420,Sahalahti Keskus,211
36430,Pakkala,211
36450,Salmentaka,635
36520,Raikku,211
36570,Kaivanto,211
36600,Pälkäne Keskus,635
36640,Iltasmäki,635
36660,Laitikkala,635
36720,Aitoo,635
36760,Luopioinen Keskus,635
36810,Kuhmalahti Keskus,211
36840,Kuhmajärvi,211
36880,Vehkajärvi,211
36910,Rautajärvi,635
36930,Kyynärö,635
37100,Nokia Keskus,536
37120,Koskenmäki,536
37130,Alhoniitty,536
37140,Harjuniitty,536
37150,Kankaantaka,536
37180,Sarkola,536
37200,Siuro,536
37210,Kulovesi,536
37240,Linnavuori,536
37310,Tottijärvi,536
37350,Rämsöö,922
37370,Narva,922
37380,Krääkkiö,922
37420,Valkkinen,922
37470,Vesilahti Keskus,922
37500,Lempäälä Keskus,418
37530,Säijä,418
37550,Kuivaspää,418
37560,Kulju,418
37570,Koivuniemi,418
37600,Valkeakoski Keskus,908
37630,Vääräkoivu,908
37700,Sääksmäki,908
37720,Ritvala,908
37740,Haukila,908
37770,Tarttila,908
37800,Toijala keskus,20
37830,Viiala Keskus,20
37850,Metsäkansa,908
37860,Kärjenniemi,908
37900,Kylmäkoski Asemanseutu,20
37910,Kylmäkoski Keskus,20
37960,Sotkia,20
38100,Karkku,790
38120,Kutala,790
38130,Ellivuori,790
38140,Kärppälä,790
38200,Vammala Keskus,790
38210,Vammala Asemanseutu,790
38220,Stormi,790
38250,Roismala,790
38270,Sammaljoki,790
38280,Illo,790
38300,Kiikka,790
38360,Kiikoinen,790
38420,Häijää,790
38460,Mouhijärvi Keskus,790
38470,Hyynilä,790
38490,Haukijärvi,108
38510,Suodenniemi,790
38600,Lavia Keskus,609
38650,Yli-Putto,609
38670,Kalliala-Haunia,609
38680,Tuunajärvi,608
38700,Kankaanpää Keskus,214
38710,Myllymäki,214
38720,Vihteljärvi,214
38740,Hapuoja,214
38750,Veneskoski,214
38760,Venesjärvi,214
38770,Lohikko,214
38800,Jämijärvi Keskus,181
38840,Niinisalo,214
38860,Suurimaa,181
38910,Ala-Honkajoki,214
38920,Vatajankoski,99
38950,Honkajoki Keskus,99
38970,Lauhala,99
39100,Hämeenkyrö Keskus,108
39110,Simuna,108
39130,Sasi,108
39150,Pinsiö,108
39160,Julkujärvi,980
39170,Jumesniemi,108
39180,Herttuala,108
39195,Kaipio,108
39200,Kyröskoski,108
39230,Osara,108
39290,Vesajärvi,108
39310,Viljakkala Keskus,980
39340,Karhe,980
39360,Komi,980
39380,Lavajärvi,108
39410,Luhalahti,143
39430,Röyhiö,143
39450,Sisättö,143
39500,Ikaalinen Keskus,143
39530,Kilvakkala,143
39580,Riitiala,143
39590,Tevaniemi,143
39610,Kovelahti,143
39620,Kovesjoki,581
39660,Lapinneva,581
39700,Parkano Keskus,581
39750,Vatajanjärvi,581
39770,Aureskoski,581
39780,Alaskylä,581
39810,Linnankylä,250
39820,Kihniö Keskus,250
39880,Kihniö Asemanseutu,250
39920,Suomijärvi,230
39930,Karvia Keskus,230
39940,Kantti,230
39960,Sarvela,230
39965,Karviankylä,230
39980,Sara,230
39990,Alkkia,230
40100,Jyväskylä Keskus,179
40200,Mannila-Taulumäki,179
40250,Ritoniemi-Lohikoski,179
40270,Pappilanrinne-Pappilanvuori,179
40320,Seppälän Teollisuusalue,179
40340,Huhtasuo,179
40400,Halssila,179
40420,Jyskä,179
40500,Keljo-Ristonmaa,179
40520,Kuokkala-Ristikivi,179
40530,Keljonkangas,179
40600,Mattilanpelto,179
40620,Keskussairaala-alue-Kukkumäki,179
40630,Kypärämäki,179
40640,Keltinmäki,179
40660,Länsi-Palokka,179
40700,Mäki-Matti,179
40720,Nisula,179
40740,Kortepohja,179
40800,Vaajakoski,179
40820,Vuoritsalo,179
40900,Säynätsalo,179
40930,Kinkomaa,500
40950,Muurame Keskus,500
41120,Puuppola,179
41140,Kuikka,179
41160,Tikkakoski,179
41180,Vehniä,410
41210,Jokihaara,892
41220,Höytiä,892
41230,Uurainen Keskus,892
41240,Kyynämöinen,892
41260,Hoikankylä,729
41270,Lannevesi,729
41290,Kangashäkki,892
41310,Leppävesi,410
41325,Laukkavirta,410
41330,Vihtavuori,410
41340,Laukaa Keskus,410
41350,Laukaa Asemanseutu,410
41360,Valkola,410
41370,Kuusa,410
41390,Äijälä,410
41400,Lievestuore,410
41410,Kankainen,850
41440,Ruuhimäki,850
41450,Leppälahti,179
41490,Niemisjärvi,77
41500,Hankasalmi Asemanseutu,77
41520,Hankasalmi Keskus,77
41530,Veneranta,77
41540,Ristimäki,77
41550,Hannula,77
41560,Säkinmäki,77
41580,Sauvamäki,77
41630,Oravasaari,179
41660,Toivakka Keskus,850
41710,Rutalahti-Kivisuo,179
41730,Kivisuo,172
41750,Havumäki,172
41770,Leivonmäki,172
41800,Korpilahti Keskus,179
41820,Saakoski,179
41840,Moksi,179
41860,Rannila,179
41870,Putkilahti,179
41880,Oittila,179
41900,Petäjävesi Keskus,592
41920,Kintaus,592
41925,Ylä-Kintaus,592
41930,Kuohu,179
41940,Vesanka,179
41970,Huttula,249
41980,Kuivasmäki,592
42100,Jämsä Keskus,182
42140,Juokslahti,182
42220,Kaipola,182
42300,Jämsänkoski Keskus,182
42330,Haavisto,182
42440,Koskenpää,182
42520,Asunta,249
42560,Pohjoisjärvi,249
42600,Multia Keskus-Väätäiskylä,495
42660,Sahrajärvi,495
42700,Keuruu Keskus,249
42720,Valkealahti,249
42800,Haapamäki,249
42820,Riiho,249
42830,Ylä-Kolkki,508
42840,Kolkki,508
42850,Pohjaslahti,508
42870,Kotala,936
42910,Pihlajavesi,249
42930,Katajamäki,249
43100,Saarijärvi Keskus,729
43130,Tarvaala,729
43170,Häkkilä,729
43220,Mahlu,729
43240,Lehtola,729
43250,Kolkanlahti,729
43270,Kalmari,729
43300,Kannonkoski Keskus,216
43340,Kannonjärvi,216
43390,Lokakylä,265
43420,Kukko,729
43430,Väätäiskylä,495
43440,Pylkönmäki Keskus,729
43480,Pääjärvi,729
43490,Kangasaho,226
43500,Karstula Keskus,226
43520,Kiminki,226
43540,Rantakylä-Pirttilahti,226
43560,Vahanka,226
43610,Aho,226
43640,Humppi,226
43660,Vastinki,226
43700,Kyyjärvi Keskus,312
43720,Kumpulainen,312
43800,Kivijärvi Keskus-Sompala,265
43840,Sompala,265
43900,Kinnula Keskus,256
43940,Muhola-Saarensalmi,256
43960,Saarensalmi,256
44100,Äänekoski Keskus,992
44120,Mämmensalmi-Mustaniemi,992
44150,Likolahti-Karhunlähde,992
44160,Huutomäki,992
44170,Hietama,992
44190,Parantala,992
44200,Suolahti Keskus,992
44220,Sörkänmäki,992
44250,Äänekoivisto,992
44260,Vihijärvi,992
44280,Sumiainen Keskus,992
44300,Konnevesi Keskus,275
44320,Sirkkamäki,275
44330,Hytölä,275
44350,Istunmäki,275
44370,Mäntymäki,275
44400,Konginkangas Keskus,992
44420,Liimattala,992
44440,Räihä,992
44460,Kalaniemi,992
44480,Niinilahti,931
44500,Viitasaari Keskus,931
44530,Ilmolahti,931
44580,Huopanankoski,931
44590,Vuorilahti,931
44610,Kärnä,931
44630,Kumpumäki,931
44640,Kymönkoski,931
44670,Suovanlahti,931
44680,Lahnanen,931
44730,Löytänä,931
44740,Keitelepohja-Kotvala,931
44760,Keihärinkoski,931
44770,Valkeisjärvi,931
44790,Kotvala,931
44800,Pihtipudas Keskus,601
44860,Alvajärvi,601
44880,Muurasjärvi,601
44910,Elämäjärvi,601
44920,Peninki,601
44950,Kärväsjärvi,601
44970,Korppinen,601
45100,Kouvola Keskus,286
45120,Kotkankallio-Vahteranmäki,286
45130,Korjala-Kaunisnurmi,286
45150,Kankaronmäki-Eskolanmäki,286
45160,Lehtomäki,286
45200,Tornionmäki,286
45330,Harju,286
45360,Kukkuramäki,286
45370,Valkeala kk,286
45410,Utti,286
45460,Savero,286
45610,Koria,286
45700,Kuusankoski Keskus,286
45720,Kotiharju-Ruhjonmäki,286
45740,Maunuksela,142
45750,Kuusankosken Sairaala-alue,286
45810,Pilkanmaa,286
45910,Voikkaa,286
45940,Oravala,286
46110,Tuohikotti,286
46140,Vekaranjärvi,286
46230,Aro,286
46400,Kaipiainen,286
46430,Tirva-Inkerilä,286
46450,Enäjärvi,286
46530,Kannuskoski,441
46570,Saaramaa,286
46710,Sippola,286
46730,Ruotila,286
46750,Liikkala,286
46800,Myllykoski,286
46810,Ummeljoki,286
46860,Anjalankoski Keskus,286
46900,Inkeroinen,286
46910,Anjala,286
46930,Huruksela,285
46950,Ahvio,286
46960,Muhniemi,286
47110,Löytty,286
47150,Raussila,286
47200,Elimäki kk,286
47260,Ratula,286
47310,Haapa-Kimola,142
47350,Kimonkylä,407
47400,Kausala,142
47440,Sääskjärvi,142
47450,Erottaja,142
47460,Hiisiö,142
47490,Mankala-Hiisiö,142
47520,Iitti kk,142
47540,Löyttilä,142
47610,Kymentaka,142
47650,Kimola,286
47710,Jaala kk,286
47760,Huhdasjärvi,286
47810,Selänpää,286
47830,Hasula,286
47850,Verla,286
47900,Vuohijärvi,286
47910,Hillosensalmi,286
,,
,,
,,
,,
,,
,,
48100,Kotkansaari,285
48130,Katariina,285
48200,Hovinsaari,285
48210,Toukolan Sairaala-Alue,285
48220,Metsola,285
48230,Korela-Jylppy,285
48300,Ruonala,285
,,
,,
48310,Mussalo,285
48350,Karhuvuori,285
48400,Sutela,285
48410,Kaukola,285
48600,Karhula,285
48700,Kyminlinna,285
48710,Koivula,285
48720,Kymi,285
48750,Nikeli,285
48770,Ristinkallio,285
48800,Otsola-Mäntykangas,285
48810,Rantahaka,285
48900,Sunila,285
48910,Suulisniemi,285
48930,Tiutinen,285
,,
49200,Heinlahti,624
49210,Huutjärvi,624
,,
,,
,,
,,
49220,Siltakylä,624
,,
49240,Purolanlahti,624
49270,Pyhtää kk,624
49290,Vastila,624
49300,Tavastila,285
49340,Juurikorpi,285
,,
,,
,,
,,
,,
49400,Hamina Keskus,75
49410,Poitsila,75
49420,Uusi-Summa,75
49460,Hillo,75
49480,Vanha-Summa,75
,,
49490,Neuvoton,75
49510,Husula,75
49520,Reitkalli,75
49540,Metsäkylä,75
49570,Kannusjärvi,75
49610,Sivatti,75
49630,Vehkajoki,75
49640,Paijärvi,75
49660,Pyhältö,75
49700,Miehikkälä Kirkonkylä,489
49720,Hurttala,489
49730,Muurikkala,489
49750,Kalliokoski,489
49760,Suur-Miehikkälä,489
49770,Salo-Miehikkälä,489
49780,Onkamaa,75
,,
,,
,,
49840,Mäntlahti,75
,,
,,
49860,Klamila,935
,,
,,
,,
,,
49900,Virolahti Keskus,935
,,
49930,Vaalimaa,935
49960,Ala-Pihlaja,935
,,
49980,Ravijoki,935
50100,Mikkeli Keskus,491
50120,Siekkilä,491
50130,Nuijamies,491
50150,Karkialampi,491
50160,Kattilansilta,491
50170,Peitsari,491
50180,Visulahti,491
50190,Tuppurala,491
50200,Kovala,491
50300,Rämälä,491
50350,Norola,491
50500,Tuukkala-Kaituenmäki,491
50520,Moision Sairaala-alue,491
50600,Karikko,491
50670,Otava,491
50700,Syysjärvi,491
50770,Korpikoski,491
50800,Annilanselkä,491
50970,Ihastjärvi,491
51130,Vanhamäki,491
51200,Kangasniemi Keskus,213
51260,Tahkomäki,213
51270,Kutemajärvi,213
51310,Levä,213
51335,Kaihlamäki,213
51340,Hännilä-Särkiharju,213
51360,Koivula-Synsiö,213
51380,Synsiö,213
51420,Harjumaa-Pajulankylä,491
51430,Läsäkoski,213
51440,Vuojalahti,213
51450,Pajulankylä,491
51460,Luusniemi,213
51520,Hiirola,491
51540,Kalvitsa,491
51600,Haukivuori Keskus-Piitkäaho,491
51620,Pitkäaho,491
51670,Nykälä,491
51720,Rahula,491
51740,Huuhanaho,491
51760,Nuutilanmäki,178
51780,Kuosmala,178
51810,Maivala,178
51820,Hatsola,178
51850,Vuorenmaa,178
51860,Narila,178
51880,Koikkala,178
51890,Risulahti,178
51900,Juva Keskus,178
51930,Paatela,178
51940,Härkälä,178
51980,Lauteala,178
52100,Anttola,491
52110,Majavesi,491
52150,Hauhala,491
52200,Puumala Keskus,623
52230,Hurissalo,623
52270,Ryhälä,623
52300,Ristiina Keskus,491
52320,Vitsiälä,491
52330,Heimari,491
52340,Hangastenmaa,491
52360,Someenjärvi,491
52420,Pellosniemi,491
52510,Hietanen,97
52520,Syväsmäki,97
52550,Hirvensalmi Keskus,97
52610,Tuukkalanlahti,97
52620,Kuitula,97
52700,Mäntyharju Keskus,507
52720,Karankamäki-Koirakivi,507
52730,Koirakivi,507
52740,Tuustaipale,507
52760,Mynttilä,507
52780,Kuomiokoski,491
52830,Suomenniemi,491
52850,Halmeniemi,507
52890,Käävänkylä,507
52920,Voikoski,286
52960,Nurmaa,507
52970,Pankalahti-Ahvenainen,507
52980,Ahvenainen,507
53100,Lappeenranta keskus,405
53130,Keskussairaala-alue-Kimpinen,405
53200,Kaukas-Tirilä,405
53300,Lauritsala-Mälkiä,405
53400,Laihia,405
53420,Mustola,405
53500,Parkkarila-Harapainen-Reijola,405
53550,Kourulanmäki,405
53600,Kesämäki,405
53650,Mattila-Kuusela,405
53810,Kuusimäki-Lavola,405
53830,Rutola,405
53850,Skinnarila,405
53900,Pallo-Tysterniemi-Leiri,405
53920,Voisalmi,405
53950,Kivisalmi,405
54100,Joutseno Keskus,405
54110,Lampikangas,405
54120,Pulp,405
54190,Konnunsuo,405
54230,Nuijamaa,405
54250,Rapattila,405
54260,Hanhijärvi,405
54270,Vainikkala,405
54300,Vilkjärvi,405
54310,Hytti,405
54330,Simola,405
54390,Pulsa,405
54410,Ylämaa Keskus,405
54430,Hujakkala,405
54460,Ylijärvi,405
54490,Ahomäki,489
54500,Taavetti-Somerharju,441
54510,Uro,441
54530,Luumäki,441
54550,Suo-Anttila,441
54580,Somerharju,441
54590,Kaitjärvi,441
54710,Lemi Keskus,416
54720,Laksiainen,416
54750,Välijoki,739
54770,Heituinlahti,739
54800,Savitaipale Keskus,739
54820,Kotimäki,416
54850,Kuukanniemi,416
54915,Saimaanharju-Kyläniemi,831
54920,Taipalsaari,831
54930,Levänen,831
54940,Solkei,831
54950,Pettilä,739
54960,Vehkataipale,831
55100,Imatra Keskus,153
55120,Mansikkala-Tuulikallio,153
55300,Rauha-Tiuruniemi,405
55320,Rauha,405
55330,Tiuruniemi,405
55400,Tainionkoski-Mustalampi,153
55420,Karhumäki-Karhukallio,153
55510,Sotkulampi-Linnasuo,153
55610,Rajapatsas-Teppanala,153
55700,Vintteri-Virasoja,153
55800,Vuoksenniska-Saarlampi,153
55910,Rautio-Kurkvuori,153
56100,Ruokolahti Keskus,700
56120,Salosaari,700
56140,Äitsaari,700
56210,Virmutjoki,700
56310,Syyspohja,700
56330,Utula,700
56350,Kyläniemi,831
56410,Kaiturinpää,700
56440,Pohja-Lankila,700
56510,Puntala,700
56550,Niska-Pietilä,689
56610,Rautjärvi,689
56640,Purnujärvi,689
56710,Miettilä,689
,,
56730,Laikko,689
56800,Simpele,689
57100,Heikinpohja-Piispanmäki,740
57120,Savonlinna,740
57130,Savonlinna Keskus,740
57170,Sortteerinlahti-Talvisalo,740
57200,Miekonniemi-Venäjänniemi,740
57210,Nojanmaa,740
57220,Haka-alue-Viuhonmäki,740
57230,Inkerinkylä,740
57310,Rinkilä,740
57510,Laitaatsilta,740
57600,Poukkusilta-Pihlajaniemi,740
57710,Kellarpelto-Rantakoivikko,740
57810,Aholahti,740
58130,Oravi,740
58140,Ahvensalmi,740
58150,Makkola,740
58160,Karvila,46
58170,Simanala,46
58175,Enonkoski Keskus,46
58180,Ihamaniemi,46
58200,Kerimäki Keskus,740
58220,Louhi,740
58260,Kumpuranta,740
58300,Savonranta Keskus,740
58320,Raikuu,740
58350,Villala,260
58360,Säimen,740
58390,Rönkönvaara,740
58410,Haapakallio,740
58420,Silvola,740
58430,Kulennoinen,740
58450,Punkaharju,740
58500,Punkasalmi,740
58520,Hiukkajoki,740
58550,Putikko,740
58570,Ruhvana,740
58580,Vuoriniemi,740
58610,Telakanava,768
58620,Lohilahti,768
58650,Kiviapaja,740
58680,Piojärvi,740
58690,Ala-Särkilahti-Piojärvi,740
58700,Sulkava Keskus,768
58720,Kaartilankoski,768
58770,Pihlajalahti,740
58810,Kallislahti,740
58830,Parkumäki,681
58850,Hiltula,681
58900,Rantasalmi Keskus,681
58910,Rantasalmi Asemanseutu,681
58920,Kolkontaipale,681
58940,Tuusmäki,681
,,
59100,Parikkala Keskus,580
59130,Koitsanlahti,580
59210,Melkoniemi,580
59310,Särkisalmi,580
59320,Haapaoja,580
59410,Kirjavala,580
59510,Maironiemi,580
,,
59520,Saari,580
59530,Mikkolanniemi,580
59610,Tarnala,580
59710,Kummunkylä,580
59720,Niukkala,580
59730,Uukuniemi,580
59800,Kesälahti Keskus,260
59810,Suurikylä,260
59820,Purujärvi-Rajavaara,260
60100,Seinäjoki Keskus,743
60120,Pohja,743
60150,Kasperi,743
60200,Törnävä,743
60220,Huhtala,743
60280,Eskoon Keskuslaitosalue,743
60320,Alakylä-Jouppi,743
60420,Impivaara,743
60450,Munakka,145
60510,Hyllykallio,743
60550,Nurmo Keskus,743
60560,Halkosaari,743
60640,Kurjenneva,743
60720,Tuomikylä,145
60760,Pohjanluoma,145
60800,Ilmajoki Keskus,145
61100,Peräseinäjoki Keskus,743
61110,Vuolle,743
61120,Louko,743
61140,Pasto,743
61150,Sydänmaa,10
61160,Koura,743
61170,Sääskiniemi,10
61180,Haapaluoma,743
61220,Myllysalo,301
61230,Luopa,301
61250,Jalasto,301
61270,Luopajärvi,301
61280,Jokipii,301
61290,Taivalmaa,301
61300,Kurikka Keskus,301
61310,Panttila,301
61330,Koskenkorva,145
61340,Nopankylä,145
61350,Huissi,145
61360,Mieto,301
61370,Lohiluoma,301
61380,Polvenkylä,301
61400,Ylistaro Keskus,743
61410,Ylistaro Asemanseutu,743
61430,Isorehto,743
61440,Untamala,743
61450,Kylänpää,743
61460,Hanhikoski,743
61470,Kitinoja,743
61500,Isokyrö Keskus,152
61520,Lehmäjoki,152
61550,Orismala,152
61560,Orisberg,152
61600,Jalasjärvi Keskus,301
61630,Hirvijärvi,301
61640,Ala-Valli,301
61650,Kalakoski,743
61680,Mantila,301
61710,Pentinmäki,301
61720,Koskue,301
61730,Yli-Valli,301
61760,Ilvesjoki,301
61800,Kauhajoki Keskus,232
61810,Luomankylä,232
61820,Kainasto,232
61840,Norinkylä,846
61850,Kauhajoki Asemanseutu,232
61860,Harja,232
61880,Ikkeläjärvi,232
61910,Nummijärvi,232
61920,Nummikoski,232
61940,Hyyppä,232
61950,Juonikylä,232
61960,Kyrönlatva,232
61980,Päntäne,232
62100,Lapua Keskus,408
62130,Hellanmaa,408
62150,Rintakangas,233
62160,Karhunkylä,408
62165,Tiisteenjoki,408
62170,Lakaluoma,408
62175,Ylikylä-Mäenpää,408
62185,Mäki-Paavola,408
62190,Ruha,408
62200,Kauhava Keskus,233
62220,Pernaa,233
62230,Jylhä,233
62240,Huhmarkoski,233
62260,Hirvijoki,233
62280,Mustamaa,408
62290,Hirvikylä,408
62295,Kauhajärvi,408
62300,Härmä,233
62310,Voltti,233
62340,Kuoppa-Vakkuri,233
62350,Ekola,233
62370,Kangasto,233
62375,Ylihärmä Keskus-Vesiluoma,233
62380,Kosolankylä,233
62395,Petterinmäki,946
62410,Rintala,233
62420,Kortesjärvi Keskus,233
62430,Peltotupa,233
62435,Pirttinen,233
62440,Perkiömäki,233
62470,Purmojärvi,233
62500,Evijärvi Keskus,52
62510,Kuoppa-aho,52
62520,Kautiainen,52
62540,Vasikka-aho,52
62570,Särkilä,52
62600,Lappajärvi Keskus,403
62610,Tarvola,403
62620,Ala-Seppä,403
62630,Karvala,403
62640,Savonkylä,403
62660,Itäkylä,403
62710,Kurejoki,5
62720,Sissala,5
62730,Haukkala,5
62740,Koskenvarsi,5
62750,Saukonkylä,5
62760,Menkijärvi,5
62800,Vimpeli Keskus,934
62810,Savonjoki,934
62830,Luoma-Aho,5
62840,Lakaniemi-Pokela,934
62860,Sahi,934
62870,Vinni,934
62880,Sääksvesi-Vinni,934
62900,Alajärvi Keskus,5
62920,Levijoki,5
62940,Hoisko,5
62950,Paalijärvi,5
62990,Möksy,5
63100,Kuortane Keskus,300
63120,Leppälänkylä,300
63130,Mäyry,300
63150,Ruona,300
63160,Salmi,300
63210,Niinimaa,10
63230,Lentilä,300
63250,Rantala,300
63300,Alavus Keskus,10
63320,Kattelus,10
63330,Pahajoki,10
63340,Sapsalampi,10
63350,Sulkavankylä,10
63355,Seinäjärvi,10
63360,Kuivaskylä,10
63370,Taipalus,10
63400,Alavus Asemanseutu,10
63410,Rantatöysä,10
63430,Kätkänjoki,10
63450,Löyä,300
63500,Lehtimäki Keskus,5
63510,Lehtimäki Kirkonkylä,5
63530,Länsikylä,5
63540,Hernesmaa,5
63600,Töysä Keskus,10
63610,Tuuri,10
63640,Ritola,10
63660,Ähtärinranta,989
63680,Hakojärvi,10
63700,Ähtäri Keskus,989
63770,Peränne,989
63780,Alastaipale,989
63800,Soini Keskus,759
63830,Keisala,759
63880,Kukonkylä,759
63890,Hautakylä,759
63900,Myllymäki-Vehunkylä,989
63910,Inhan Tehtaat,989
63920,Inha,989
63950,Vehunkylä,989
,,
64100,Kristiinankaupunki Keskus,287
64140,Tiukka,287
64200,Närpiö Keskus,545
,,
64210,Kalax,545
64220,Yttermark,545
64230,Närpiön Asemanseutu,545
64240,Böle,545
,,
64250,Pjelax,545
,,
,,
64260,Kaskinen,545
64300,Lapväärtti,287
64320,Dagsmark,287
64350,Karijoki Keskus,218
64370,Myrkky,218
64440,Metsälä-Kallträsk,287
64450,Kallträsk,287
64460,Härkmeri,287
,,
,,
64480,Skaftung,287
,,
64490,Siipyy,287
,,
64510,Nämpnäs,545
,,
,,
64530,Norrnäs,545
64550,Rangsby,545
64610,Övermark,545
64700,Teuva Keskus,846
64720,Perälä,846
64740,Horo,846
64760,Peltola,846
64770,Äystö,846
64810,Vanhakylä,151
64820,Kärjenkoski,151
64830,Villamo,151
64840,Heikkilänjoki,151
64850,Möykky,151
64900,Isojoki Keskus,151
64930,Kodesjärvi,151
65100,Vaasa Keskus,905
65130,Hietalahti,905
65170,Vaskiluoto,905
65200,Palosaari,905
65230,Vetokannas,905
,,
,,
,,
65280,Gerby,905
65300,Asevelikylä,905
65320,Huutoniemi,905
65350,Suvilahti,905
65370,Ristinummi,905
65380,Vanha Vaasa,905
,,
,,
,,
,,
,,
,,
,,
65410,Sundom,905
65450,Sulva,499
65460,Tölby-Rimal,499
65470,Rimal,499
65480,Vikby,499
65520,Helsingby,499
65610,Mustasaari Keskus,499
65630,Karperö,499
65650,Koskö,499
65710,Singsby,499
65730,Jungsund,499
,,
,,
65760,Iskmo,499
,,
,,
65800,Raippaluoto,499
,,
,,
,,
,,
65870,Björköby,499
,,
65920,Norra Vallgrund-Söderudden,499
,,
,,
65930,Södra Vallgrund,499
,,
,,
,,
65970,Söderudden,499
,,
,,
,,
,,
66100,Maalahti,475
66140,Övermalax,475
66160,Långåminne,475
,,
66200,Korsnäs Keskus,280
,,
,,
66210,Moikipää,280
,,
,,
,,
,,
,,
,,
66220,Bergö,475
66230,Korsbäck,280
,,
,,
66240,Petolahti,475
66260,Svarvar,475
66270,Pirttikylä-Sorvari,545
66280,Taklax,280
,,
66290,Harrström,280
,,
66295,Töjby,545
66300,Jurva Keskus,301
66320,Niemenkylä,301
66330,Hakko,301
66340,Sarvijoki,301
66350,Tainus,301
66360,Kesti,301
66370,Närvijoki,301
66400,Laihia Keskus,399
66420,Ruto,399
66430,Vedenoja,905
66440,Tervajoki,152
66450,Jakkula,399
66460,Haapala,399
66470,Jukaja-Jokisalo,399
66500,Vähäkyrö Keskus,905
66510,Merikaarto,905
66520,Veikkaala,499
66530,Koivulahti,499
,,
,,
,,
,,
66540,Petsmo,499
66550,Västerhankmo,499
66560,Österhankmo,499
66580,Kuni,499
66590,Vassor,499
66600,Vöyri Keskus,946
,,
,,
,,
,,
,,
,,
,,
,,
,,
,,
,,
66640,Maksamaa,946
66660,Bertby,946
66680,Kaurajärvi,946
,,
66710,Kaitsor,946
,,
,,
66730,Oxkangar,946
,,
66800,Oravainen Keskus,946
66810,Kimo,946
66820,Komossa,946
66830,Oravaisten Tehdas,946
66840,Pensala,893
66850,Jepua,893
,,
,,
66900,Uusikaarlepyy Keskus,893
66910,Soklot,893
66930,Kovjoki,893
,,
,,
66950,Munsala,893
,,
,,
,,
66970,Hirvlax,893
66980,Monå,893
,,
,,
,,
66999,Kaukaluoto,499
67100,Kokkola Keskus,272
67200,Kiviniitty-Tullimäki,272
67300,Halkokari,272
,,
67400,Rytimäki,272
67410,Vitsari,272
67500,Sokoja,272
67600,Linnusperä-Kaustari,272
67700,Kirkonmäki-Isokylä,272
,,
67800,Koivuhaka,272
67900,Ykspihjala,272
,,
,,
68100,Himanka Keskus,208
68150,Hillilä,208
68210,Marinkainen,272
68220,Karhi,272
,,
68230,Lohtaja Keskus,272
68240,Ala-Viirre,272
68300,Kälviä Keskus,272
,,
,,
68320,Ruotsalo,272
68370,Ullava Keskus,272
68380,Yli-Ullava,272
68390,Rahkonen,272
68410,Alaveteli,288
,,
68500,Kruunupyy Keskus,288
,,
68530,Lepplax,599
,,
,,
,,
,,
68550,Öja,272
,,
,,
68555,Bosund,440
,,
,,
,,
,,
68560,Eugmo,440
,,
,,
,,
,,
68570,Luoto,440
68580,Furuholmen,440
68600,Pietarsaari Keskus,598
,,
68620,Skutnäs-Västermalm,598
68630,Kyrkostrand,598
68660,Östermalm-Björnholmen,598
68690,Sundby,599
68700,Teerijärvi,288
68750,Småbönders,288
68800,Kolppi,599
68810,Ytteresse,599
68820,Ähtävä,599
68830,Bäckby,599
68840,Nederlappfors,599
68870,Edsevö,599
68910,Pännäinen,599
68920,Forsby,599
68930,Purmo,599
68940,Lillby,599
68970,Överpurmo,599
68999,Rita,272
69100,Kannus Keskus,217
69150,Eskola,217
69170,Yli-Kannus,217
69300,Toholampi Keskus,849
69310,Laitala,849
69330,Määttälä,849
69340,Purontaka,849
69410,Sykäräinen,849
69420,Syri,421
69440,Lestijärvi Keskus,421
69450,Yli-Lesti,421
69510,Halsua Keskus-Marjusaari,74
69550,Kanala,74
69570,Karvonen,74
69600,Kaustinen Keskus,236
69660,Köyhäjoki,236
69700,Veteli Keskus,924
69730,Tunkkari,924
69750,Sillanpää,924
69820,Räyrinki,924
69830,Pulkkinen,924
69850,Patana,924
69910,Kivikangas,584
69920,Oksakoski-Kivikangas,584
69950,Perho Keskus-Salamajärvi,584
69970,Salamajärvi,584
69980,Möttönen,584
70100,Kuopio Keskus,297
70110,Etu-Niirala,297
70150,Neulamäki,297
70200,Puijonlaakso,297
70210,Kuopion Keskussairaala-alue,297
70240,Niuvaniemen Sairaala-alue,297
70260,Julkula,297
70280,Länsi-Puijo,297
70300,Linnanpelto,297
70340,Inkilänmäki,297
70400,Kettulanlahti,297
70420,Päiväranta,297
70460,Saarijärvi,297
70500,Männistö,297
70600,Niirala-Huuhanmäki,297
70620,Haapaniemi,297
70700,Särkiniemi,297
70780,Jynkkä,297
70800,Pitkälahti,297
70820,Litmanen,297
70840,Jynkänmäki,297
70870,Hiltulanlahti,297
70900,Toivala,749
70910,Vuorela,749
70940,Jännevirta,297
71130,Kortejoki,297
71150,Vartiala,297
71160,Riistavesi,297
71170,Laukka-aho,857
71200,Tuusniemi Keskus,857
71210,Tuusjärvi,857
71240,Paakkila,857
71260,Juurikkamäki,857
71280,Kosula,857
71310,Vehmersalmi Keskus,297
71330,Räsälä,297
71360,Litmaniemi,297
71380,Mustinlahti,297
71460,Paukarlahti,420
71470,Oravikoski,420
71480,Kurkimäki,297
71490,Airaksela,297
71520,Kaislastenlahti,297
71570,Syvänniemi,297
71610,Salonkulma,297
71640,Talluskylä,844
71650,Hirvilahti-Salonkulma,297
71660,Leinolanlahti,297
71670,Kurolanlahti,297
71680,Pulkonkoski-Saarinen,297
71690,Varpasmaa,297
71720,Käärmelahti,297
71730,Kinnulanlahti,297
71740,Tavinsalmi,297
71745,Haatala,297
71750,Maaninka Keskus,297
71760,Ahkionlahti-Vianta,297
71775,Tuovilanlahti-Haatala,297
71800,Siilinjärvi Keskus,749
71820,Pöljä,749
71840,Kuuslahti,749
71850,Leppäkaarre,749
71870,Harjamäki,749
71890,Hamula,749
71910,Alapitkä,402
71920,Pajujärvi,402
71950,Lammasaho,297
71960,Lukkarila,402
72100,Karttula Keskus,297
72140,Itä-Karttula-Riuttasenpää,297
72210,Tervo Keskus-Eliaksela,844
72220,Eliaksela,844
72300,Vesanto Keskus,921
72310,Niinivesi,921
72330,Tiitilänkylä,921
72350,Pienola,921
72360,Närhilä,921
72380,Horontaipale,921
72400,Pielavesi Keskus-Jylänki,595
72430,Kumpula,595
72490,Saarinen,297
72510,Jokijärvi,595
72530,Säviäntaipale,595
72550,Säviä,595
72570,Vuorikylä,595
72600,Keitele Keskus,239
72630,Kuusela-Rajala,239
72710,Vaaraslahti,595
72740,Laukkala,595
72810,Jylhänkylä,595
72840,Saarela,595
72930,Tossavanlahti,239
72950,Porttila,239
72980,Petäjäkylä,239
73100,Lapinlahti Keskus,402
73110,Mäntylahti-Karvasalmi,402
73120,Nerkoo-Horsmanmäki,402
73200,Varpaisjärvi Keskus,402
73230,Syvärinpää,402
73250,Korpijärvi,402
73300,Nilsiä Keskus,297
73310,Tahkovuori,297
73320,Reittiö,297
73350,Haluna,297
73360,Pajulahti,297
73410,Pieksänkoski,297
73460,Muuruvesi,297
73470,Västinniemi,297
73500,Juankoski Keskus,297
73600,Kaavi Keskus,204
73620,Kortteinen-Rasilampi,204
73640,Sivakkavaara,204
73645,Niinivaara-Onnivaara,204
73670,Luikonlahti,204
73710,Viitaniemi,297
73730,Losomäki,297
73770,Säyneinen-Ala-Siikajärvi,297
73810,Palonurmi-Aholansaari,297
73830,Keski-Siikajärvi,297
73850,Ala-Luosta-Riitasalo,687
73860,Pykälikkö,687
73900,Rautavaara Keskus,687
73970,Riitasalo,687
73990,Kangaslahti,687
74100,Iisalmi Keskus, Eteläinen,140
74120,Iisalmi Keskus Pohjoinen,140
74130,Kihmula,140
74140,Ritoniemi,140
74150,Laidunmäki,140
74160,Koljonvirta,140
74170,Soinlahti,140
74200,Vieremä Keskus,925
74230,Salahmi,925
74240,Marttisenjärvi,925
74250,Nissilä,925
74270,Kauppilanmäki,925
74300,Sonkajärvi Keskus,762
74340,Sukeva-Kainuunmäki,762
74345,Kalliosuo,762
74360,Sonkakoski,762
74380,Jyrkkä,762
74390,Laakajärvi,765
74420,Hernejärvi,762
74470,Paloinen,402
74490,Koirakoski,762
74510,Peltosalmi-Sourunsalo,140
74520,Kirmanranta,140
74540,Kotikylä,140
74550,Pörsänmäki,140
74590,Kurenpolvi,925
74595,Runni,140
74610,Honkaranta,263
74630,Heinäkylä,263
74640,Sulkavanjärvi,263
74670,Rapakkojoki,263
74680,Myllyniemi,263
74700,Kiuruvesi Keskus,263
74720,Niemiskylä,263
74740,Aittojärvi,263
74770,Kalliokylä,263
74840,Koppeloharju,263
74940,Remeskylä-Tihilänkangas,263
74980,Tihilänkangas,263
75500,Nurmes Keskus,541
75530,Porokylä,541
75650,Savikylä,541
75680,Ylä-Luosta,687
75700,Valtimo Keskus,911
75710,Karhunpää,911
75740,Pajukoski,911
75770,Puukari,911
75790,Rumo,911
75840,Ylä-Valtimo,911
75890,Saramo-Petäiskylä-Mujejärvi,541
75930,Petäiskylä,541
75940,Mujejärvi,541
75970,Kohtavaara,541
75990,Höljäkkä,541
76100,Pieksämäki Keskus,593
76120,Kontiopuisto,593
76130,Pappilanmäki,593
76150,Länsirinne,593
76280,Partaharju,593
76620,Pyhitty,593
76780,Lamminmäki,593
76850,Naarajärvi,593
76940,Nenonpelto,593
77110,Paltanen,593
77120,Venetmäki,593
77140,Huumala,593
77220,Neuvola,593
77240,Halkokumpu,593
77320,Hurskaala,593
77330,Virtasalmi Keskus,593
77350,Montola,593
77380,Kantala,491
77430,Siikamäki,593
77460,Maavesi,171
77480,Savuniemi,171
77520,Haapakoski-Partaharju,593
77570,Jäppilä Keskus,593
77580,Tihusniemi,593
77600,Suonenjoki Keskus,778
77630,Lempyy,778
77690,Suontee,778
77700,Rautalampi Keskus,686
77770,Myhinpää,686
77800,Iisvesi,778
77910,Vaajasalmi,686
77930,Kerkonjoensuu,686
77960,Pakarila,686
78200,Varkaus Keskus,420
78210,Kuoppakangas,915
78250,Päiviönsaari,915
78300,Kommila,915
78310,Puurtila,420
78400,Luttila,915
78480,Timola,420
78500,Pitkälänniemi-Könönpelto,915
78610,Kurola,915
78710,Akonlahti,915
78850,Käpykangas,171
78870,Kaura-Aho,915
78880,Kuvansi,171
78900,Ruokokoski,915
79100,Leppävirta Keskus,420
79130,Sorsakoski,420
79140,Kotalahti,420
79150,Konnuslahti-Valkeamäki,420
79160,Saamaiskylä,420
79180,Tuppurinmäki,420
79190,Valkeamäki,420
79230,Moninmäki,420
79255,Kurjala-Moninmäki,420
79265,Puponmäki,420
79330,Näädänmaa,420
79350,Itä-Soisalo,420
79410,Niinimäki,420
79480,Kangaslampi Keskus,915
79520,Viljolahti,915
79600,Joroinen Keskus,171
79620,Huutokoski,171
79630,Kolma,171
79660,Kerisalo,171
79680,Lahnalahti,171
79690,Kaitainen,171
79700,Heinävesi Keskus,90
79810,Karvion kanava,90
79820,Varistaipale,90
79830,Palokki,90
79850,Uusi-Valamo,90
79860,Suuraho - Uusi-Valamo,90
79885,Etelä-Petruma,90
79895,Sarvikumpu,90
79910,Kerma,90
79940,Vihtari-Poikiinaho,90
80100,Joensuu Keskus, Pohjoinen,167
80110,Joensuu Keskus Eteläinen,167
80130,Kanervala,276
80140,Noljakka,167
80160,Rantakylä-Latola,167
80170,Utra,167
80200,Niinivaara,167
80210,Sairaala-alue,167
80220,Penttilä,167
80230,Hukanhauta,167
80260,Kettuvaara,167
80330,Reijola,167
80400,Ylämylly,426
80510,Onttola-Kunnasniemi,276
80710,Lehmo,276
80770,Kontiolahti as,276
80780,Kontioniemi,276
80790,Kontioranta-Kontioniemi,276
80850,Paihola,276
80910,Kulho,276
81100,Kontiolahti,276
81120,Katajaranta,276
81160,Romppala-Riihikangas,276
81200,Eno Keskus,167
81210,Louhioja,167
81220,Jakokoski,276
81230,Mönni,276
81235,Lehtoi,276
81260,Ahveninen,167
81270,Paukkaja,167
81280,Uimaharju,167
81290,Ukkola,167
81295,Haapalahti,167
81320,Kuismavaara,167
81330,Luhtapohja,167
81350,Tokrajärvi,146
81360,Sarvinki,167
81390,Revonkylä,167
81420,Tyrjänsaari,146
81430,Kivilahti,146
81450,Huhus-Käenkoski,146
81460,Käenkoski,146
,,
,,
81470,Naarva,146
81560,Vuonisjärvi,422
81570,Kelvä,422
81590,Vuonislahti,422
,,
,,
,,
,,
,,
,,
81650,Hattuvaara,422
81660,Lehmikylä,422
81700,Lieksa Keskus,422
81720,Mähkö-Timitra,422
81750,Pankakoski,422
81810,Jamali,422
81820,Kylänlahti,422
81850,Mätäsvaara,422
81860,Viekijärvi,422
81950,Pankajärvi,422
,,
81970,Jongunjoki-Pankajärvi,422
82110,Heinävaara,167
82120,Keskijärvi,167
82140,Kiihtelysvaara Keskus,167
82160,Oskola,167
82170,Uskali,167
82180,Huhtilampi,167
82200,Hammaslahti,167
82210,Suhmura,167
82220,Niittylahti,167
82290,Nieminen,707
82300,Rääkkylä Keskus,707
82310,Oravisalo-Varpasalo,707
82335,Rasivaara,707
82350,Tikkala,848
82360,Onkamo,848
82380,Tolosenmäki,260
82395,Haarajärvi,260
82430,Puhos-Leinovaara,260
82460,Hummovaara,260
82490,Heinoniemi,260
,,
82500,Kitee Keskus,260
82510,Kiteenlahti,260
82580,Juurikka,260
82590,Närsäkkälä,260
82600,Tohmajärvi Keskus,848
82655,Värtsilä Keskus,848
82660,Uusi-Värtsilä,848
82670,Kaurila,848
82675,Niirala-Jänisjoki,848
82685,Littilä,848
82710,Kovero,167
82730,Tuupovaara Keskus-Pirttiaho,167
82750,Öllölä,167
,,
82760,Hoilola,167
82770,Kaustajärvi,848
82815,Marjovaara,167
82820,Maukkula,146
82830,Haukivaara,146
82840,Pirttiaho,167
82850,Kinnasniemi,167
82865,Kokinvaara-Mannervaara,167
82870,Luutalahti,167
82880,Mannervaara,167
82900,Ilomantsi Keskus,146
82915,Sonkaja,146
82960,Lehtovaara-Kuikkalampi,146
,,
,,
,,
82967,Hattu,146
,,
82980,Möhkö,146
83100,Liperi Keskus,426
83130,Salokylä,426
83140,Puromäki,426
83150,Roukalahti,426
83160,Tutjunniemi,426
83320,Risti-Juojärvi,426
83330,Kaatamo,426
83340,Kaarnalampi,426
83400,Viinijärvi,426
83430,Käsämä,426
83450,Vaivio,426
83460,Harinjärvi,426
83480,Ahonkylä,426
83500,Outokumpu Keskus,309
83550,Kokonvaara,309
83630,Kuusjärvi,309
83660,Varislahti,309
83700,Polvijärvi Keskus,607
83720,Kuorevaara,607
83750,Sotkuma,607
83760,Sola,607
83780,Horsmanaho,607
83825,Kinahmo,607
83830,Hukkala,607
83835,Ruvaslahti,607
83840,Saarivaara,607
83855,Martonvaara-Sammakkovaara,607
83870,Polvela-Timovaara,176
83880,Kajoo,176
83900,Juuka Keskus,176
83910,Paalasmaa,176
83915,Vihtasuo,176
83940,Nunnanlahti,176
83950,Ahmovaara,176
83960,Koli,422
83985,Tuopanjoki,176
84100,Ylivieska Keskus,977
84460,Tuomiperä,977
84540,Vähäkangas,977
84650,Kantokylä,977
84770,Isokoski,977
84880,Raudaskylä,977
,,
85100,Kalajoki Keskus,208
85120,Metsä,208
85140,Tynkä,208
85150,Typpö,208
85160,Rautio,208
,,
85180,Rahja,208
85200,Alavieska Keskus,9
85210,Kähtävä,9
85230,Talus,9
85310,Sievi Asemanseutu,746
85320,Markkula,746
85340,Jyrinki,746
85410,Sievi Keskus,746
85430,Koivisto,746
85450,Joenkylä,746
85470,Kiiskilampi,746
85500,Nivala Keskus,535
85540,Mönkö,535
85560,Ainastalo,535
85580,Karvoskylä,535
85620,Sarja,535
85630,Sarjanahde,535
85640,Maliskylä,535
85660,Ruuskankylä,535
85710,Parkkila,69
85730,Tulppo,69
85800,Haapajärvi Keskus,69
85820,Oksava,69
85840,Kuona,69
85900,Reisjärvi Keskus,691
85930,Kangaskylä-Tolpankangas,691
85940,Räisälänmäki,691
85980,Köyhänperä,691
86100,Pyhäjoki Keskus,625
86110,Parhalahti,625
86160,Pirttikoski,625
86170,Yppäri,625
86210,Petäjäskoski,563
86220,Merijärvi Keskus,483
86230,Ylipää,483
86240,Pyhänkoski,483
86300,Oulainen Keskus,563
86350,Kilpua,563
86360,Ilveskorpi,678
86400,Vihanti Keskus,678
86440,Lampinsaari,678
86460,Alpua,678
86470,Lumimetsä,678
86480,Karhukangas,71
86510,Matkaniva,563
86530,Annonen,563
86550,Mieluskylä,71
86600,Haapavesi Keskus,71
86650,Kytökylä-Joutenniva,71
86680,Vatjusjärvi,71
86690,Karsikas,71
86710,Kärsämäki Keskus,317
86790,Venetpalo,317
86800,Pyhäsalmi,626
86810,Pellikkaperä,626
86850,Hiidenniemi,626
86870,Vesikoski,626
86900,Pyhäkumpu,626
86980,Väliaho,626
87100,Kajaani Keskus,205
87150,Purola,205
87200,Teppana,205
87250,Kättö-Kätönlahti,205
87300,Palokangas,205
87400,Petäisenniska,205
87500,Lehtikangas,205
87700,Lohtaja-Kettu,205
87800,Vuoreslahti,205
87830,Nakertaja,205
87850,Paltaniemi,205
87900,Karankalahti,205
87910,Linnantaus,205
87930,Salmijärvi,205
87950,Kuluntalahti,205
87970,Jormua,205
88120,Tuhkakylä,765
88200,Otanmäki-Kytökoski,205
88270,Vuolijoki Keskus,205
88300,Paltamo Keskus,578
88310,Melalahti,578
88340,Manamansalo,785
88350,Kivesjärvi,578
88380,Mieslahti,578
88400,Ristijärvi Keskus-Hiisijärvi,697
88440,Jokikylä,697
88460,Hiisijärvi,697
88470,Kontiomäki,578
88490,Pohjavaara,765
88530,Paakki,765
88600,Sotkamo Keskus,765
88610,Vuokatti,765
88615,Vuokatin Urheiluopisto,765
88620,Korholanmäki,765
88640,Ontojoki,765
88670,Juurikkalahti-Maanselkä,765
88690,Maanselkä,765
88730,Ylä-Vieksi,290
88740,Härmänkylä-Iivantiira,290
88760,Iivantiira,290
88820,Katerma,290
88900,Kuhmo Keskus,290
88930,Lentiira-Kuumu,290
88940,Kuumu,290
89110,Törmänmäki,620
89140,Kotila-Törmänmäki,620
89200,Puolanka Keskus,620
89210,Puokiovaara,620
89320,Joukokylä,620
89330,Suolijärvi,620
89400,Hyrynsalmi Keskus,105
89430,Hoikka,105
89440,Sakara,777
89540,Moisiovaara,105
89560,Karhuvaara,105
89600,Ämmänsaari,777
89610,Jumaliskylä,777
89640,Pesiökylä,777
89660,Takalo,777
89670,Näljänkä,777
89680,Vaaranniva,777
89730,Ahjola,777
89740,Kianta,777
89760,Piispajärvi-Peranka-Kaikkoinen,777
89770,Peranka,777
89780,Kaikkonen,777
89800,Suomussalmi Keskus,777
89830,Ala-Vuokki,777
89840,Ylä-Vuokki,777
89920,Ruhtinansalmi,777
90100,Oulu Keskus,564
90120,Heinäpää,564
90130,Raksila,564
90140,Karjasilta,564
90150,Höyhtyä,564
90220,Kontinkangas,564
90230,Värttö-Maikkula,564
90240,Iinatti,564
90250,Kaukovainio,564
90310,Madekoski,564
90400,Äimärautio,564
90410,Kaakkuri,564
90420,Metsokangas,564
90440,Kempele Keskus,244
90450,Honkanen,244
90460,Oulunsalo Keskus,564
,,
90470,Varjakka,564
,,
,,
,,
90480,Hailuoto,72
90500,Tuira,564
90510,Hietasaari,564
90520,Taskila-Toppila,564
90530,Välivainio,564
90540,Kuivasjärvi,564
90550,Pyykkösjärvi-Puolivälikangas,564
90560,Koskela-Oulu,564
90570,Kaijonharju-Linnanmaa,564
90580,Rajakylä,564
90590,Teknologiakylä,564
90620,Rusko-Heikinharju,564
90630,Korvensuora,564
90650,Haapalehto,564
90660,Sanginsuu,564
90670,Hiukkavaara,564
90800,Pateniemi,564
90810,Kiviniemi,564
,,
90820,Kello,564
90830,Haukipudas Keskus,564
90840,Haukipudas Asemanseutu,564
90850,Martinniemi,564
90860,Halosenniemi,564
90900,Kiiminki Keskus,564
90910,Kontio,564
90940,Jääli,564
,,
,,
,,
91100,Ii Keskus,139
91110,Ii Asemanseutu,139
,,
91140,Olhava,139
91150,Yli-Olhava,139
91200,Yli-Ii Keskus,564
91210,Jakkukylä,564
91240,Tannila,564
91260,Pahkakoski-Räinä,564
91300,Ylikiiminki Keskus,564
91310,Arkala,564
91410,Jokirinne,494
91430,Leppiniemi,494
91500,Muhos Keskus,494
91510,Rova,494
91560,Kylmälänkylä,494
91600,Utajärvi Keskus,889
91620,Sanginkylä,889
91630,Juorkuna,889
91640,Särkijärvi,889
91660,Ahmas,889
91670,Rokua,494
91700,Vaala Keskus-Oterma,785
91710,Jylhämä,785
91720,Oterma,785
91730,Kankari,785
91740,Jaalanka-Liminpuro,785
91750,Liminpuro,785
91760,Säräisniemi,785
91780,Neittävä,785
91790,Nuojua,785
91800,Tyrnävä,859
91900,Liminka Keskus,425
91910,Tupos,425
91930,Ala-Temmes,425
91950,Temmes,425
,,
91980,Lumijoki,436
,,
92100,Raahe Keskus,678
92120,Ollinsaari-Mestauskallio,678
92130,Isoholmi-Antinkangas,678
92140,Pattijoki Keskus,678
92150,Kummatti-Junnilanmäki,678
92160,Saloinen,678
92180,Lapaluoto,678
92210,Arkkukari,678
92220,Piehinki,678
92230,Mattilanperä,678
92240,Lasikangas,678
92260,Kopsa,678
,,
92320,Siikajoki Keskus,748
92330,Karinkanta,748
92350,Revonlahti,748
92400,Ruukki Keskus,748
92430,Paavola-Huumola,748
92440,Saarikoski,748
92450,Luohua,748
92470,Tuomioja,748
92500,Rantsila Keskus,791
92520,Sipola,791
92530,Mankila,791
92600,Pulkkila Keskus,791
92610,Vorna,791
92620,Piippola Keskus,791
92640,Leskelä,791
92650,Laakkola,791
92700,Kestilä,791
92810,Pelsonsuo,785
92830,Veneheitto,785
92910,Tavastkenkä,630
92920,Ahokylä,630
92930,Pyhäntä,630
93100,Pudasjärvi Keskus,615
93140,Kipinä,615
93160,Hetejärvi,615
93170,Yli-Kollaja,615
93180,Ikosenniemi,615
93187,Ala-Siurua,615
93190,Yli-Siurua-Ikosenniemi,615
93195,Kokkokylä,615
93220,Livo,615
93225,Pärjänsuo,615
93240,Rytinki,615
93250,Sarajärvi,615
93270,Sotkajärvi,615
93277,Iinattijärvi,615
93280,Syöte,615
93290,Pintamo,615
93350,Jaurakkajärvi,615
93390,Puhoskylä,615
93400,Taivalkoski Keskus,832
93420,Jurmu,832
93440,Loukusa,832
93470,Inget,832
93540,Tyrövaara,832
93590,Vanhala,832
93600,Kuusamo Keskus,305
93630,Kuoliovaara,305
93680,Vasaraperä,305
93730,Poussu,305
93760,Kemilä-Murtovaara-Teeriranta,305
93780,Teeriranta,305
93820,Aikkila-Rukatunturi,305
93830,Rukatunturi,305
93840,Patoniemi,305
93850,Käylä-Patoniemi,305
93920,Määttälänvaara,305
93940,Vuotunki,305
93990,Kärpänkylä,305
,,
93999,Kuusamo,305
,,
94100,Kemi Keskus,240
94200,Torvinen-Vainio,240
94300,Pajusaari,240
94400,Keminmaa Keskus,241
94430,Kaakamo,851
94450,Lassila-Jokisuu,241
94460,Ruottala,851
94500,Lautiosaari,241
94600,Ristikangas-Kivikko,240
94700,Takajärvi-Haukkari,240
94720,Peurasaari,240
94800,Veitsiluoto,240
94830,Pikku Berliini-Hepola,240
94900,Ajos,240
95100,Kuivaniemi Keskus,139
95110,Kuivaniemi kk,139
95130,Hyryoja,139
95160,Oijärvi-Lamminperä,139
95200,Simo Keskus,751
,,
95210,Filpus,751
,,
95220,Simoniemi,751
95225,Viantie,751
,,
95230,Maksniemi,751
95255,Alaniemi,751
95260,Tainionjoki,751
95270,Yli-Kärppä-Tainionjoki,751
95300,Tervola Keskus,845
95310,Liedakkala,241
95315,Törmä,241
95325,Paakkola,845
95330,Tervola,845
95340,Loue,845
95350,Peura,845
95355,Koivu-Peura,845
95365,Maula,241
95370,Itäkoski,241
95375,Yli-Paakkola,845
95400,Tornio Keskus,851
95410,Kiviranta,851
95420,Miukki-Palosaari-Luotomäki,851
95430,Suensaari,851
95440,Kyläjoki,851
95450,Kirkonmäki,851
95460,Kantojärvi,851
,,
95470,Pirkkiö-Röyttä,851
95490,Terästehtaanalue,851
95500,Vojakkala-Yli-Liakka,851
95520,Kukkola,851
95530,Karunki,851
95540,Korpikylä,851
95560,Aapajoki,851
95590,Arpela,851
95600,Ylitornio Keskus,976
95610,Kainuunkylä,976
95615,Pekanpää,976
95620,Aavasaksa,976
95630,Kuivakangas,976
95635,Kaulinranta,976
95640,Juoksenki,854
95645,Turtola,854
95655,Etelä-Portimojärvi,976
95660,Kantomaanpää,976
95670,Pessalompolo,976
95675,Meltosjärvi,976
95680,Lohijärvi,976
95690,Mellakoski,976
,,
95700,Pello Keskus,854
95710,Naamijoki,854
95720,Jarhoinen,854
95750,Orajärvi,854
95760,Konttajärvi,854
95770,Lankojärvi,854
95780,Sirkkakoski,854
95790,Lampsijärvi,854
95800,Sieppijärvi-Taapajärvi,273
95830,Vaattojärvi,273
95840,Venejärvenkylä,273
95850,Ruokojärvi,273
95860,Pasmajärvi,273
,,
,,
95900,Kolari Keskus,273
95920,Saaripudas,273
95930,Äkäsjoensuu,273
95940,Tapojärvi,498
95950,Kihlanki-Tapojärvi,498
95970,Äkäslompolo,498
95980,Ylläsjärvi,273
95990,Kurtakko,273
96100,Rovaniemi Keskus,698
96190,Lapinrinne-Ahokangas,698
96200,Sahanperä-Ratantaus,698
96300,Niemelänkangas-Korvanniemi,698
96320,Teollisuuskylä,698
96400,Pullinranta-Kiiruna,698
96440,Ounasrinne,698
96460,Pöykkölä,698
96500,Korkalovaara,698
96600,Koskenkylä,698
96700,Niskanperä,698
96800,Ylikylä-Patosaari,698
96900,Saarenkylä,698
96910,Syväsenvaara,698
96930,Napapiiri Rovaniemi,698
96960,Someroharju,698
97110,Rautionsaari,698
97130,Hirvas,698
97140,Muurola,698
97145,Totonvaara,698
97160,Petäjäinen,698
97170,Jaatila,698
97220,Sinettä,698
97240,Sonka,698
97250,Raanujärvi,976
97280,Tapio,698
97290,Marraskoski,698
97310,Patokoski,698
97320,Marrasjärvi,698
97330,Rattosjärvi,854
97335,Ruuhivaara,854
97340,Meltaus-Jääskö-Perttaus,698
97370,Unarin-Luusua,758
97380,Kukasranta,758
97390,Kierinki,758
97420,Lohiniva,261
97430,Taapajärvi,273
97470,Alakylä-Sailehto,261
97510,Vikajärvi,698
97520,Nampa,698
97530,Nampa-Yli-Nampa,698
97540,Tiainen,698
97580,Misi,698
97590,Raajärvi,320
97610,Oikarainen,698
97615,Tennirova,698
97620,Viiri-Tennirova,698
97625,Vanttauskoski,698
97630,Pekkala,698
97635,Juuniemi,698
97645,Juujärvi,320
97650,Juotas,698
97655,Autti,698
97665,Pohjasperä,683
97670,Kivitaipale,698
97675,Narkaus-Kämät,698
97680,Saari-Kämä,698
97685,Siika-Kämä,698
97690,Sulaoja,698
97700,Ranua Keskus,683
97715,Raiskio,683
97720,Yli-Simo-Raiskio,683
97760,Saariharju,683
97765,Kuha-Impiö-Itäranua,683
97770,Petäjäjärvi,683
97780,Kuukasjärvi-Petäjäjärvi,683
97785,Kelankylä,683
97810,Suorsa,614
97815,Pernu-Suorsa,614
97820,Perä-Posio,614
97840,Lehtiniemi,614
97850,Ristilä,614
97870,Jumisko,614
97880,Nolimo-Jumisko,614
97890,Karjalaisenniemi,614
97895,Mourujärvi,614
97900,Posio Keskus,614
97920,Suonnankylä,614
97925,Tolva,614
97940,Lohiranta,614
97950,Säikkä,614
97960,Kuloharju-Säikkä,614
97965,Kynsilä,614
97970,Sirniö,614
97980,Anetjärvi,614
97999,Köngäs,261
98100,Kemijärvi Keskus,320
98120,Särkikangas,320
98230,Luusua-Karsimus,320
98310,Karvakko,320
98350,Tapionniemi,320
98360,Vuostimo,320
98400,Isokylä-Ryti-Lehtola,320
98420,Ryti-Lehtola,320
98440,Kallaanvaara,320
98450,Kostamo,320
98500,Pelkosenniemi Keskus,583
98510,Saunavaara,583
98530,Pyhätunturi,583
98550,Suvanto,583
98560,Kairala-Luiro,583
98570,Aapajärvi,583
98580,Luiro,583
98600,Kursu,732
98620,Pahkakumpu,732
98630,Ahvenselkä,583
98660,Salmivaara,732
98710,Joutsijärvi,320
98720,Suomutunturi,320
98760,Hirvasvaara-Paloperä,732
98770,Aholanvaara,732
98780,Maaninkavaara,614
98790,Paloperä,732
98800,Savukoski Keskus-Värriö,742
98810,Lunkkaus,742
98820,Värriö,742
98830,Martti-Ruuvaoja,742
98840,Ruuvaoja,742
98850,Kuosku,742
98900,Salla Keskus,732
98920,Kelloselkä,732
98930,Kotalankylä,732
98950,Saija,732
,,
,,
,,
,,
,,
,,
,,
,,
,,
,,
,,
,,
,,
,,
,,
,,
,,
98960,Naruska,732
,,
,,
98970,Onkamojärvi,732
,,
,,
,,
98980,Kallunki-Niemelä,732
,,
98995,Hautajärvi,732
99100,Kittilä Keskus,261
99110,Kaukonen,261
99120,Kallo,261
99130,Sirkka-Rauhala,261
99135,Rauhala,261
99140,Köngäs-Hanhivaara,261
99150,Tepasto,261
99160,Lompolo-Pulju,261
99170,Pulju,261
99180,Rautusjärvi,261
99190,Hanhimaa,261
99195,Pokka,261
99230,Jeesiöjärvi,261
99240,Kuivasalmi,261
99250,Kiistala-Jeesiöjärvi,261
99270,Hormakumpu,261
99280,Tepsa,261
99290,Kelontekemä,261
99300,Muonio Keskus,498
99310,Yli-Muonio,498
99320,Kätkäsuvanto,498
99330,Pallastunturi,498
99340,Raattama-Pallastunturi,261
99360,Kangosjärvi,498
99400,Enontekiö Keskus,47
99410,Vuontisjärvi,47
99420,Peltovuoma,47
,,
,,
,,
99430,Nunnanen,47
99440,Leppäjärvi,47
,,
99450,Palojoensuu-Kuttanen,47
99460,Kuttanen,47
,,
,,
,,
,,
99470,Karesuvanto,47
,,
,,
99490,Kilpisjärvi,47
99510,Raudanjoki-Seipäjärvi,758
99520,Seipäjärvi,758
99530,Vuojärvi,758
99540,Torvinen,758
99550,Aska-Orakylä,758
99555,Luosto,758
99560,Orakylä,758
99600,Sodankylä Keskus,758
99610,Siurunmaa,758
99620,Kelujärvi,758
99640,Tanhua,742
99645,Lokka,758
99650,Sattanen,758
99655,Sattasvaara,758
99660,Kersilö,758
99665,Moskuvaara,758
99670,Petkula,758
99690,Vuotso,758
99695,Tankavaara,758
99710,Vaalajärvi,758
99720,Riipi,758
99740,Syväjärvi,758
99750,Sassali,758
99760,Uimaniemi,758
99770,Jeesiö,758
99800,Ivalo,148
99830,Saariselkä,148
99860,Nellim,148
,,
,,
,,
99870,Inari Keskus-Lemmenjoki,148
99885,Lemmenjoki,148
99910,Kaamanen-Partakko,148
99930,Sevettijärvi-Näätämö,148
99940,Näätämö,148
,,
,,
99950,Karigasniemi,890
,,
,,
99980,Utsjoki Keskus,890
99990,Nuorgam,890
